created_at,expires_at,id,revoked_at,token_hash,user_id
2026-03-04T18:14:45.434403+00:00,2026-03-11T18:14:45.434403+00:00,d1c6b716-3840-4ab2-9e17-46bd7e143a57,2026-03-04T20:14:40.661577+00:00,[REDACTED],14bab91e-7c87-4b22-bbcb-2cc94859c091
2026-03-04T20:14:51.553291+00:00,2026-03-11T20:14:51.553291+00:00,837b9c9b-bc34-482e-b412-c2a6492af489,,[REDACTED],14bab91e-7c87-4b22-bbcb-2cc94859c091
2026-03-04T23:58:15.11401+00:00,2026-03-11T23:58:15.11401+00:00,7524052e-ea2c-48a9-9790-21d8ae0378bc,,[REDACTED],14bab91e-7c87-4b22-bbcb-2cc94859c091
2026-03-05T09:52:09.656111+00:00,2026-03-12T09:52:09.656111+00:00,e0839d8f-5b2e-4b12-b5af-c90402c73b7d,,[REDACTED],14bab91e-7c87-4b22-bbcb-2cc94859c091
2026-03-05T12:09:54.627806+00:00,2026-03-12T12:09:54.627806+00:00,ff0b2f0d-fed4-4878-b21d-b80e866e75f2,,[REDACTED],14bab91e-7c87-4b22-bbcb-2cc94859c091
2026-03-05T14:52:51.950006+00:00,2026-03-12T14:52:51.950006+00:00,31be261b-8554-4835-a5ac-a285ab17930c,,[REDACTED],14bab91e-7c87-4b22-bbcb-2cc94859c091
2026-03-05T14:55:55.768596+00:00,2026-03-12T14:55:55.768596+00:00,b33cc0de-ab51-469e-8436-524f66f9be70,,[REDACTED],14bab91e-7c87-4b22-bbcb-2cc94859c091
2026-03-05T15:19:38.802502+00:00,2026-03-12T15:19:38.802502+00:00,bd915d30-0937-4ddc-b3ff-29f4c2d16cbd,,[REDACTED],14bab91e-7c87-4b22-bbcb-2cc94859c091
2026-03-05T20:18:19.063551+00:00,2026-03-12T20:18:19.063551+00:00,ade75a2f-2979-44bc-b92c-c43d91119ed4,,[REDACTED],14bab91e-7c87-4b22-bbcb-2cc94859c091
2026-03-06T00:06:42.36089+00:00,2026-03-13T00:06:42.36089+00:00,8dbda648-ec38-4fa4-bb2e-17168b479e50,,[REDACTED],14bab91e-7c87-4b22-bbcb-2cc94859c091
2026-03-05T03:27:00.532664+00:00,2026-03-12T03:27:00.532664+00:00,dce4dbaf-4528-4e33-8960-7439abc31aa9,2026-03-07T21:42:21.940322+00:00,[REDACTED],14bab91e-7c87-4b22-bbcb-2cc94859c091
2026-03-07T21:42:27.03685+00:00,2026-03-14T21:42:27.03685+00:00,7c75d1e9-c864-4b36-b548-757a60001d11,,[REDACTED],14bab91e-7c87-4b22-bbcb-2cc94859c091
2026-03-11T16:36:41.87095+00:00,2026-03-18T16:36:41.87095+00:00,2d033115-db50-4602-95ce-fb54de33cfd5,,[REDACTED],14bab91e-7c87-4b22-bbcb-2cc94859c091
2026-03-11T18:34:48.5876+00:00,2026-03-18T18:34:48.5876+00:00,271770bf-c7bb-4a0d-9ca0-c4e6df1add77,,[REDACTED],14bab91e-7c87-4b22-bbcb-2cc94859c091
2026-03-11T20:00:17.378134+00:00,2026-03-18T20:00:17.378134+00:00,364822f3-c92f-4a02-a1c6-36cbaf9d4415,,[REDACTED],14bab91e-7c87-4b22-bbcb-2cc94859c091
2026-03-11T21:20:57.188267+00:00,2026-03-18T21:20:57.188267+00:00,c515f810-fa12-4c9d-8422-86fb839e0582,,[REDACTED],14bab91e-7c87-4b22-bbcb-2cc94859c091
2026-03-11T21:33:18.343182+00:00,2026-03-18T21:33:18.343182+00:00,1b19c651-6093-4567-bfa2-ea66edf3b107,,[REDACTED],14bab91e-7c87-4b22-bbcb-2cc94859c091
2026-03-11T23:37:18.848511+00:00,2026-03-18T23:37:18.848511+00:00,06f3c648-26f6-4bfe-b8cb-c70bf928404f,2026-03-11T23:40:11.56894+00:00,[REDACTED],14bab91e-7c87-4b22-bbcb-2cc94859c091
2026-03-11T23:40:26.43961+00:00,2026-03-18T23:40:26.43961+00:00,7f1ec093-beba-46a8-9975-5563b4a0c860,,[REDACTED],14bab91e-7c87-4b22-bbcb-2cc94859c091
2026-03-11T21:53:34.048822+00:00,2026-03-18T21:53:34.048822+00:00,41832e20-4285-480f-b59d-4dbeb8813431,2026-03-12T01:43:11.622986+00:00,[REDACTED],14bab91e-7c87-4b22-bbcb-2cc94859c091
2026-03-12T10:08:40.494015+00:00,2026-03-19T10:08:40.494015+00:00,1ac83ec2-63f2-4029-8acc-b189338292ec,,[REDACTED],14bab91e-7c87-4b22-bbcb-2cc94859c091
2026-03-12T16:03:53.713542+00:00,2026-03-19T16:03:53.713542+00:00,76a5677c-657c-4c19-9055-4888ae5177e8,,[REDACTED],14bab91e-7c87-4b22-bbcb-2cc94859c091
2026-03-12T17:46:42.121166+00:00,2026-03-19T17:46:42.121166+00:00,d9ebffb1-2680-4fcf-bded-c18bfd2da3ee,,[REDACTED],14bab91e-7c87-4b22-bbcb-2cc94859c091
2026-03-12T17:57:03.011359+00:00,2026-03-19T17:57:03.011359+00:00,9610318c-cf95-4656-9623-64ab4c2e5211,,[REDACTED],14bab91e-7c87-4b22-bbcb-2cc94859c091
2026-03-12T19:39:24.570358+00:00,2026-03-19T19:39:24.570358+00:00,23255ed6-dbb8-4aba-a5d5-9d42c7f9b47a,,[REDACTED],14bab91e-7c87-4b22-bbcb-2cc94859c091
2026-03-12T19:50:04.207681+00:00,2026-03-19T19:50:04.207681+00:00,f301d963-4ecb-4f10-9335-aeb5bafd901d,,[REDACTED],14bab91e-7c87-4b22-bbcb-2cc94859c091
2026-03-12T17:43:53.968845+00:00,2026-03-19T17:43:53.968845+00:00,13a1c8e0-3c35-44b0-96a9-9622d51f81b8,2026-03-12T20:49:23.65497+00:00,[REDACTED],14bab91e-7c87-4b22-bbcb-2cc94859c091
2026-03-12T20:54:53.626842+00:00,2026-03-19T20:54:53.626842+00:00,20c6bb30-e729-4d43-92d2-c6539f90c9f4,,[REDACTED],14bab91e-7c87-4b22-bbcb-2cc94859c091
2026-03-12T20:54:15.702527+00:00,2026-03-19T20:54:15.702527+00:00,52ff953c-de56-48a7-8722-05f709fd9ab1,2026-03-12T21:01:53.688945+00:00,[REDACTED],14bab91e-7c87-4b22-bbcb-2cc94859c091
2026-03-12T21:22:50.462334+00:00,2026-03-19T21:22:50.462334+00:00,8c569f44-562a-4000-9108-46cafcf79e21,,[REDACTED],14bab91e-7c87-4b22-bbcb-2cc94859c091
2026-03-12T21:57:46.342881+00:00,2026-03-19T21:57:46.342881+00:00,581d136a-a387-4f56-8b3d-4fc3d54981b0,,[REDACTED],14bab91e-7c87-4b22-bbcb-2cc94859c091
2026-03-12T22:06:21.648575+00:00,2026-03-19T22:06:21.648575+00:00,c6750f69-89c3-4a1d-be36-1122ae88c3f7,,[REDACTED],14bab91e-7c87-4b22-bbcb-2cc94859c091
2026-03-12T22:21:16.600209+00:00,2026-03-19T22:21:16.600209+00:00,96a536d9-24a9-446b-878a-8fa6292a73ea,,[REDACTED],14bab91e-7c87-4b22-bbcb-2cc94859c091
2026-03-13T12:14:22.695165+00:00,2026-03-20T12:14:22.695165+00:00,30df817e-0f42-4ae2-a277-92bd17964344,,[REDACTED],14bab91e-7c87-4b22-bbcb-2cc94859c091
2026-03-13T16:22:28.025713+00:00,2026-03-20T16:22:28.025713+00:00,c4d13781-c3ba-45df-a838-fbe825a69ad2,,[REDACTED],14bab91e-7c87-4b22-bbcb-2cc94859c091
2026-03-16T03:33:18.66323+00:00,2026-03-23T03:33:18.66323+00:00,7b3ea9b4-f916-46eb-a6ae-dfccd69827a4,,[REDACTED],14bab91e-7c87-4b22-bbcb-2cc94859c091
2026-03-16T14:17:43.703759+00:00,2026-03-23T14:17:43.703759+00:00,682ae1a1-5f85-4f20-a7e3-bfaf144fa0fa,,[REDACTED],14bab91e-7c87-4b22-bbcb-2cc94859c091
2026-03-14T16:53:36.121751+00:00,2026-03-21T16:53:36.121751+00:00,02369997-45a2-4f55-ae3c-c28868585e81,2026-03-17T17:13:50.359801+00:00,[REDACTED],14bab91e-7c87-4b22-bbcb-2cc94859c091
2026-03-17T17:13:56.1656+00:00,2026-03-24T17:13:56.1656+00:00,e7aa59e7-be57-4f1b-ae94-644677f919ef,,[REDACTED],14bab91e-7c87-4b22-bbcb-2cc94859c091
2026-03-18T12:21:05.868378+00:00,2026-03-25T12:21:05.868378+00:00,9f8f3e6c-34d3-47e6-8b03-6503380c53a7,,[REDACTED],14bab91e-7c87-4b22-bbcb-2cc94859c091
2026-03-18T20:21:09.117154+00:00,2026-03-25T20:21:09.117154+00:00,3e694568-a161-401c-9e4e-c0bfd12d5225,,[REDACTED],14bab91e-7c87-4b22-bbcb-2cc94859c091
2026-03-18T20:57:43.309641+00:00,2026-03-25T20:57:43.309641+00:00,a954ecb9-a2a3-4f91-825c-b61585d1f522,,[REDACTED],14bab91e-7c87-4b22-bbcb-2cc94859c091
2026-03-18T20:58:56.315092+00:00,2026-03-25T20:58:56.315092+00:00,1bc2f305-117c-4236-8681-79a99638638b,,[REDACTED],14bab91e-7c87-4b22-bbcb-2cc94859c091
2026-03-19T18:10:57.681221+00:00,2026-03-26T18:10:57.681221+00:00,3bfd3886-b4ab-45ad-9b6e-6c92e086872b,,[REDACTED],14bab91e-7c87-4b22-bbcb-2cc94859c091
2026-03-19T18:30:17.528299+00:00,2026-03-26T18:30:17.528299+00:00,b88bd150-c257-427b-8169-76e50d60f6f1,,[REDACTED],14bab91e-7c87-4b22-bbcb-2cc94859c091
2026-03-19T20:58:33.264646+00:00,2026-03-26T20:58:33.264646+00:00,9c40aa61-7b35-4c7a-81b2-91e85438cf1e,,[REDACTED],14bab91e-7c87-4b22-bbcb-2cc94859c091
