AGRUPADO,ATUALIZADO,BLOQ_2469,CANCELADO,CODIGO,DE_ATE,DE_ESTOQUE,DTULTSETOR,EMPROD,EXPEDICAO,FATURADO,GRADE,HORA_ATU,IMPRESSO,IMP_ETIQ,ITEM,ITEMNF,LOTE,MATERIAL,MI,NFISCAL,NOME,NUMEROS,PEDIDO,PRODUCAO,QTDE_ETIQ,QUEBORIGEM,REFERENCIA,REMESSA,SERIE,SETORESTOQ,TOTAL,ULTSETOR
False,2026-03-12,False,True,00000301,001-001,False,,,,,,08:59,True,,001,,000001,,S,,,00000004000100060001000000020000000000000000000000000000000000014,00001R,,,,,000004,,,14,
False,2026-03-13,False,False,00000401,001-008,False,,,,,,11:14,True,,001,,000001,,N,,,00040000000000000000000000000000000000000000000000000000000000004,000004,,,,,000005,,,4,
False,2026-03-13,False,False,00000402,002-008,False,,,,,,11:14,True,,001,,000001,,N,,,00000023000000000000000000000000000000000000000000000000000000023,000004,,,,,000005,,,23,
False,2026-03-13,False,False,00000403,003-008,False,,,,,,11:14,True,,001,,000001,,N,,,00000000004300000000000000000000000000000000000000000000000000043,000004,,,,,000005,,,43,
False,2026-03-13,False,False,00000404,004-008,False,,,,,,11:14,True,,001,,000001,,N,,,00000000000000610000000000000000000000000000000000000000000000061,000004,,,,,000005,,,61,
False,2026-03-13,False,False,00001301,001-006,False,,,,,,11:16,True,,007,,000001,,N,,,00000011000000000000000000000000000000000000000000000000000000011,000002,,,,,000014,,,11,
False,2026-03-13,False,False,00001302,002-006,False,,,,,,11:16,True,,007,,000001,,N,,,00000000003500000000000000000000000000000000000000000000000000035,000002,,,,,000014,,,35,
False,2026-03-13,False,False,00001303,003-006,False,,,,,,11:16,True,,007,,000001,,N,,,00000000000000500000000000000000000000000000000000000000000000050,000002,,,,,000014,,,50,
False,2026-03-13,False,False,00001304,004-006,False,,,,,,11:16,True,,007,,000001,,N,,,00000000000000000047000000000000000000000000000000000000000000047,000002,,,,,000014,,,47,
False,2026-03-13,False,False,00001305,005-006,False,,,,,,11:16,True,,007,,000001,,N,,,00000000000000000000002600000000000000000000000000000000000000026,000002,,,,,000014,,,26,
False,2026-03-13,False,False,00001306,006-006,False,,,,,,11:16,True,,007,,000001,,N,,,00000000000000000000000000140000000000000000000000000000000000014,000002,,,,,000014,,,14,
False,2026-03-13,False,False,00001401,001-023,False,,,,,,11:16,True,,008,,000001,,N,,,00200000000000000000000000000000000000000000000000000000000000020,000002,,,,,000015,,,20,
False,2026-03-13,False,False,00001402,002-023,False,,,,,,11:16,True,,008,,000001,,N,,,00000120000000000000000000000000000000000000000000000000000000120,000002,,,,,000015,,,120,
False,2026-03-13,False,False,00001403,003-023,False,,,,,,11:16,True,,008,,000001,,N,,,00000056000000000000000000000000000000000000000000000000000000056,000002,,,,,000015,,,56,
False,2026-03-13,False,False,00000405,005-008,False,,,,,,11:14,True,,001,,000001,,N,,,00000000000000000070000000000000000000000000000000000000000000070,000004,,,,,000005,,,70,
False,2026-03-13,False,False,00000406,006-008,False,,,,,,11:14,True,,001,,000001,,N,,,00000000000000000000004500000000000000000000000000000000000000045,000004,,,,,000005,,,45,
False,2026-03-13,False,False,00000407,007-008,False,,,,,,11:14,True,,001,,000001,,N,,,00000000000000000000000000330000000000000000000000000000000000033,000004,,,,,000005,,,33,
False,2026-03-13,False,False,00000408,008-008,False,,,,,,11:14,True,,001,,000001,,N,,,00000000000000000000000000000007000000000000000000000000000000007,000004,,,,,000005,,,7,
False,2026-03-13,False,False,00000501,001-008,False,,,,,,11:14,True,,001,,000001,,N,,,00010000000000000000000000000000000000000000000000000000000000001,000005,,,,,000006,,,1,
False,2026-03-13,False,False,00000502,002-008,False,,,,,,11:14,True,,001,,000001,,N,,,00000015000000000000000000000000000000000000000000000000000000015,000005,,,,,000006,,,15,
False,2026-03-13,False,False,00000503,003-008,False,,,,,,11:14,True,,001,,000001,,N,,,00000000003100000000000000000000000000000000000000000000000000031,000005,,,,,000006,,,31,
False,2026-03-13,False,False,00000504,004-008,False,,,,,,11:14,True,,001,,000001,,N,,,00000000000000510000000000000000000000000000000000000000000000051,000005,,,,,000006,,,51,
False,2026-03-13,False,False,00000505,005-008,False,,,,,,11:14,True,,001,,000001,,N,,,00000000000000000057000000000000000000000000000000000000000000057,000005,,,,,000006,,,57,
False,2026-03-13,False,False,00000506,006-008,False,,,,,,11:14,True,,001,,000001,,N,,,00000000000000000000003900000000000000000000000000000000000000039,000005,,,,,000006,,,39,
False,2026-03-13,False,False,00000507,007-008,False,,,,,,11:14,True,,001,,000001,,N,,,00000000000000000000000000190000000000000000000000000000000000019,000005,,,,,000006,,,19,
False,2026-03-13,False,False,00000508,008-008,False,,,,,,11:14,True,,001,,000001,,N,,,00000000000000000000000000000004000000000000000000000000000000004,000005,,,,,000006,,,4,
False,2026-03-13,False,False,00000601,001-014,False,,,,,,11:15,True,,001,,000001,,N,,,00000000000000000005000000000000000000000000000000000000000000005,000001,,,,,000007,,,5,
False,2026-03-13,False,False,00000602,002-014,False,,,,,,11:15,True,,001,,000001,,N,,,00000000000000000000004200000000000000000000000000000000000000042,000001,,,,,000007,,,42,
False,2026-03-13,False,False,00000603,003-014,False,,,,,,11:15,True,,001,,000001,,N,,,00000000000000000000000001200000000000000000000000000000000000120,000001,,,,,000007,,,120,
False,2026-03-13,False,False,00000604,004-014,False,,,,,,11:15,True,,001,,000001,,N,,,00000000000000000000000000470000000000000000000000000000000000047,000001,,,,,000007,,,47,
False,2026-03-13,False,False,00000605,005-014,False,,,,,,11:15,True,,001,,000001,,N,,,00000000000000000000000000000120000000000000000000000000000000120,000001,,,,,000007,,,120,
False,2026-03-13,False,False,00001204,004-006,False,,,,,,11:16,True,,006,,000001,,N,,,00000000000000000054000000000000000000000000000000000000000000054,000002,,,,,000013,,,54,
False,2026-03-13,False,False,00001205,005-006,False,,,,,,11:16,True,,006,,000001,,N,,,00000000000000000000003200000000000000000000000000000000000000032,000002,,,,,000013,,,32,
False,2026-03-13,False,False,00001206,006-006,False,,,,,,11:16,True,,006,,000001,,N,,,00000000000000000000000000170000000000000000000000000000000000017,000002,,,,,000013,,,17,
False,2026-03-13,False,False,00001404,004-023,False,,,,,,11:16,True,,008,,000001,,N,,,00000000012000000000000000000000000000000000000000000000000000120,000002,,,,,000015,,,120,
False,2026-03-13,False,False,00001405,005-023,False,,,,,,11:16,True,,008,,000001,,N,,,00000000012000000000000000000000000000000000000000000000000000120,000002,,,,,000015,,,120,
False,2026-03-13,False,False,00001406,006-023,False,,,,,,11:16,True,,008,,000001,,N,,,00000000012000000000000000000000000000000000000000000000000000120,000002,,,,,000015,,,120,
False,2026-03-13,False,False,00001407,007-023,False,,,,,,11:16,True,,008,,000001,,N,,,00000000000900000000000000000000000000000000000000000000000000009,000002,,,,,000015,,,9,
False,2026-03-13,False,False,00001408,008-023,False,,,,,,11:16,True,,008,,000001,,N,,,00000000000001200000000000000000000000000000000000000000000000120,000002,,,,,000015,,,120,
False,2026-03-13,False,False,00001409,009-023,False,,,,,,11:16,True,,008,,000001,,N,,,00000000000001200000000000000000000000000000000000000000000000120,000002,,,,,000015,,,120,
False,2026-03-13,False,False,00001410,010-023,False,,,,,,11:16,True,,008,,000001,,N,,,00000000000001200000000000000000000000000000000000000000000000120,000002,,,,,000015,,,120,
False,2026-03-13,False,False,00001411,011-023,False,,,,,,11:16,True,,008,,000001,,N,,,00000000000001200000000000000000000000000000000000000000000000120,000002,,,,,000015,,,120,
False,2026-03-13,False,False,00001412,012-023,False,,,,,,11:16,True,,008,,000001,,N,,,00000000000000050000000000000000000000000000000000000000000000005,000002,,,,,000015,,,5,
False,2026-03-13,False,False,00001413,013-023,False,,,,,,11:16,True,,008,,000001,,N,,,00000000000000000120000000000000000000000000000000000000000000120,000002,,,,,000015,,,120,
False,2026-03-13,False,False,00001414,014-023,False,,,,,,11:16,True,,008,,000001,,N,,,00000000000000000120000000000000000000000000000000000000000000120,000002,,,,,000015,,,120,
False,2026-03-13,False,False,00001415,015-023,False,,,,,,11:16,True,,008,,000001,,N,,,00000000000000000120000000000000000000000000000000000000000000120,000002,,,,,000015,,,120,
False,2026-03-13,False,False,00001416,016-023,False,,,,,,11:16,True,,008,,000001,,N,,,00000000000000000120000000000000000000000000000000000000000000120,000002,,,,,000015,,,120,
False,2026-03-13,False,False,00001417,017-023,False,,,,,,11:16,True,,008,,000001,,N,,,00000000000000000013000000000000000000000000000000000000000000013,000002,,,,,000015,,,13,
False,2026-03-13,False,False,00001418,018-023,False,,,,,,11:16,True,,008,,000001,,N,,,00000000000000000000012000000000000000000000000000000000000000120,000002,,,,,000015,,,120,
False,2026-03-13,False,False,00001419,019-023,False,,,,,,11:16,True,,008,,000001,,N,,,00000000000000000000012000000000000000000000000000000000000000120,000002,,,,,000015,,,120,
False,2026-03-13,False,False,00001420,020-023,False,,,,,,11:16,True,,008,,000001,,N,,,00000000000000000000007000000000000000000000000000000000000000070,000002,,,,,000015,,,70,
False,2026-03-13,False,False,00001421,021-023,False,,,,,,11:16,True,,008,,000001,,N,,,00000000000000000000000001200000000000000000000000000000000000120,000002,,,,,000015,,,120,
False,2026-03-13,False,False,00001422,022-023,False,,,,,,11:16,True,,008,,000001,,N,,,00000000000000000000000000740000000000000000000000000000000000074,000002,,,,,000015,,,74,
False,2026-03-13,False,False,00001423,023-023,False,,,,,,11:16,True,,008,,000001,,N,,,00000000000000000000000000000053000000000000000000000000000000053,000002,,,,,000015,,,53,
False,2026-03-13,False,False,00001501,001-015,False,,,,,,11:16,True,,009,,000001,,N,,,00000120000000000000000000000000000000000000000000000000000000120,000002,,,,,000016,,,120,
False,2026-03-13,False,False,00001502,002-015,False,,,,,,11:16,True,,009,,000001,,N,,,00000007000000000000000000000000000000000000000000000000000000007,000002,,,,,000016,,,7,
False,2026-03-13,False,False,00001503,003-015,False,,,,,,11:16,True,,009,,000001,,N,,,00000000012000000000000000000000000000000000000000000000000000120,000002,,,,,000016,,,120,
False,2026-03-13,False,False,00001801,001-001,False,,,,,,11:17,True,,001,,000001,,S,,,00000000000700070010000700000007000000000000000000000000000000038,00002R,,,,,000019,,,38,
False,2026-03-13,False,False,00002108,008-010,False,,,,,,14:55,True,,001,,000001,,N,,,00000000000000000000008500000000000000000000000000000000000000085,000011,,,,,000022,,,85,
False,2026-03-13,False,False,00002109,009-010,False,,,,,,14:55,True,,001,,000001,,N,,,00000000000000000000000000500000000000000000000000000000000000050,000011,,,,,000022,,,50,
False,2026-03-13,False,False,00002110,010-010,False,,,,,,14:55,True,,001,,000001,,N,,,00000000000000000000000000000011000000000000000000000000000000011,000011,,,,,000022,,,11,
False,2026-03-13,False,False,00002201,001-006,False,,,,,,14:55,True,,001,,000001,,N,,,00000000000000000000001500000000000000000000000000000000000000015,000012,,,,,000023,,,15,
False,2026-03-13,False,False,00002202,002-006,False,,,,,,14:55,True,,001,,000001,,N,,,00000000000000000000000000150000000000000000000000000000000000015,000012,,,,,000023,,,15,
False,2026-03-13,False,False,00002203,003-006,False,,,,,,14:55,True,,001,,000001,,N,,,00000000000000000000000000000000003000000000000000000000000000030,000012,,,,,000023,,,30,
False,2026-03-13,False,False,00002204,004-006,False,,,,,,14:55,True,,001,,000001,,N,,,00000000000000000000000000000000000000300000000000000000000000030,000012,,,,,000023,,,30,
False,2026-03-17,False,False,00002501,001-001,False,,,,,,09:00,True,,001,,000001,,S,,,00000002000700170014002000110004000000000000000000000000000000075,000014,,,,,000026,,,75,
False,2026-03-17,False,False,00002606,006-007,False,,,,,,09:00,True,,002,,000001,,N,,,00000000000000000000000000220000000000000000000000000000000000022,000014,,,,,000026,,,22,
False,2026-03-17,False,False,00002607,007-007,False,,,,,,09:00,True,,002,,000001,,N,,,00000000000000000000000000000009000000000000000000000000000000009,000014,,,,,000026,,,9,
False,2026-03-17,False,False,00002701,001-007,False,,,,,,09:00,True,,003,,000001,,N,,,00000005000000000000000000000000000000000000000000000000000000005,000014,,,,,000026,,,5,
False,2026-03-17,False,False,00002702,002-007,False,,,,,,09:00,True,,003,,000001,,N,,,00000000001500000000000000000000000000000000000000000000000000015,000014,,,,,000026,,,15,
False,2026-03-17,False,False,00002703,003-007,False,,,,,,09:00,True,,003,,000001,,N,,,00000000000000270000000000000000000000000000000000000000000000027,000014,,,,,000026,,,27,
False,2026-03-17,False,False,00002704,004-007,False,,,,,,09:00,True,,003,,000001,,N,,,00000000000000000018000000000000000000000000000000000000000000018,000014,,,,,000026,,,18,
False,2026-03-17,False,False,00002705,005-007,False,,,,,,09:00,True,,003,,000001,,N,,,00000000000000000000003600000000000000000000000000000000000000036,000014,,,,,000026,,,36,
False,2026-03-17,False,False,00002706,006-007,False,,,,,,09:00,True,,003,,000001,,N,,,00000000000000000000000000260000000000000000000000000000000000026,000014,,,,,000026,,,26,
False,2026-03-17,False,False,00002707,007-007,False,,,,,,09:00,True,,003,,000001,,N,,,00000000000000000000000000000017000000000000000000000000000000017,000014,,,,,000026,,,17,
False,2026-03-17,False,False,00002801,001-013,False,,,,,,09:00,True,,001,,000001,,N,,,00000000001000000000000000000000000000000000000000000000000000010,000019,,,,,000027,,,10,
False,2026-03-17,False,False,00002802,002-013,False,,,,,,09:00,True,,001,,000001,,N,,,00000000000000100000000000000000000000000000000000000000000000010,000019,,,,,000027,,,10,
False,2026-03-17,False,False,00002803,003-013,False,,,,,,09:00,True,,001,,000001,,N,,,00000000000000000010000000000000000000000000000000000000000000010,000019,,,,,000027,,,10,
False,2026-03-17,False,False,00002804,004-013,False,,,,,,09:00,True,,001,,000001,,N,,,00000000000000000000001000000000000000000000000000000000000000010,000019,,,,,000027,,,10,
False,2026-03-17,False,False,00002805,005-013,False,,,,,,09:00,True,,001,,000001,,N,,,00000000000000000000000000400000000000000000000000000000000000040,000019,,,,,000027,,,40,
False,2026-03-13,False,False,00001504,004-015,False,,,,,,11:16,True,,009,,000001,,N,,,00000000012000000000000000000000000000000000000000000000000000120,000002,,,,,000016,,,120,
False,2026-03-13,False,False,00001505,005-015,False,,,,,,11:16,True,,009,,000001,,N,,,00000000002500000000000000000000000000000000000000000000000000025,000002,,,,,000016,,,25,
False,2026-03-13,False,False,00001506,006-015,False,,,,,,11:16,True,,009,,000001,,N,,,00000000000001200000000000000000000000000000000000000000000000120,000002,,,,,000016,,,120,
False,2026-03-13,False,False,00001507,007-015,False,,,,,,11:16,True,,009,,000001,,N,,,00000000000001200000000000000000000000000000000000000000000000120,000002,,,,,000016,,,120,
False,2026-03-13,False,False,00001508,008-015,False,,,,,,11:16,True,,009,,000001,,N,,,00000000000001170000000000000000000000000000000000000000000000117,000002,,,,,000016,,,117,
False,2026-03-13,False,False,00001509,009-015,False,,,,,,11:16,True,,009,,000001,,N,,,00000000000000000120000000000000000000000000000000000000000000120,000002,,,,,000016,,,120,
False,2026-03-13,False,False,00001510,010-015,False,,,,,,11:16,True,,009,,000001,,N,,,00000000000000000120000000000000000000000000000000000000000000120,000002,,,,,000016,,,120,
False,2026-03-13,False,False,00001511,011-015,False,,,,,,11:16,True,,009,,000001,,N,,,00000000000000000114000000000000000000000000000000000000000000114,000002,,,,,000016,,,114,
False,2026-03-13,False,False,00001512,012-015,False,,,,,,11:16,True,,009,,000001,,N,,,00000000000000000000012000000000000000000000000000000000000000120,000002,,,,,000016,,,120,
False,2026-03-13,False,False,00001513,013-015,False,,,,,,11:16,True,,009,,000001,,N,,,00000000000000000000009700000000000000000000000000000000000000097,000002,,,,,000016,,,97,
False,2026-03-13,False,False,00001514,014-015,False,,,,,,11:16,True,,009,,000001,,N,,,00000000000000000000000001200000000000000000000000000000000000120,000002,,,,,000016,,,120,
False,2026-03-13,False,False,00001515,015-015,False,,,,,,11:16,True,,009,,000001,,N,,,00000000000000000000000000060000000000000000000000000000000000006,000002,,,,,000016,,,6,
False,2026-03-13,False,False,00001601,001-001,False,,,,,,11:16,True,,010,,000001,,S,,,00000002000400050005000300020000000000000000000000000000000000021,000002,,,,,000017,,,21,
False,2026-03-13,False,False,00001701,001-007,False,,,,,,11:17,True,,001,,000001,,N,,,00000008000000000000000000000000000000000000000000000000000000008,000003,,,,,000018,,,8,
False,2026-03-13,False,False,00001702,002-007,False,,,,,,11:17,True,,001,,000001,,N,,,00000000001500000000000000000000000000000000000000000000000000015,000003,,,,,000018,,,15,
False,2026-03-13,False,False,00001703,003-007,False,,,,,,11:17,True,,001,,000001,,N,,,00000000000000300000000000000000000000000000000000000000000000030,000003,,,,,000018,,,30,
False,2026-03-13,False,False,00001704,004-007,False,,,,,,11:17,True,,001,,000001,,N,,,00000000000000000040000000000000000000000000000000000000000000040,000003,,,,,000018,,,40,
False,2026-03-13,False,False,00001705,005-007,False,,,,,,11:17,True,,001,,000001,,N,,,00000000000000000000004000000000000000000000000000000000000000040,000003,,,,,000018,,,40,
False,2026-03-13,False,False,00001706,006-007,False,,,,,,11:17,True,,001,,000001,,N,,,00000000000000000000000000300000000000000000000000000000000000030,000003,,,,,000018,,,30,
False,2026-03-13,False,False,00001707,007-007,False,,,,,,11:17,True,,001,,000001,,N,,,00000000000000000000000000000030000000000000000000000000000000030,000003,,,,,000018,,,30,
False,2026-03-17,False,False,00002806,006-013,False,,,,,,09:00,True,,001,,000001,,N,,,00000000000000000000000000000030000000000000000000000000000000030,000019,,,,,000027,,,30,
False,2026-03-17,False,False,00002807,007-013,False,,,,,,09:00,True,,001,,000001,,N,,,00000000000000000000000000000000004000000000000000000000000000040,000019,,,,,000027,,,40,
False,2026-03-17,False,False,00002808,008-013,False,,,,,,09:00,True,,001,,000001,,N,,,00000000000000000000000000000000000000100000000000000000000000010,000019,,,,,000027,,,10,
False,2026-03-13,False,False,00001901,001-008,False,,,,,,14:54,True,,001,,000001,,N,,,00080000000000000000000000000000000000000000000000000000000000008,000006,,,,,000020,,,8,
False,2026-03-13,False,False,00001902,002-008,False,,,,,,14:54,True,,001,,000001,,N,,,00000035000000000000000000000000000000000000000000000000000000035,000006,,,,,000020,,,35,
False,2026-03-13,False,False,00001903,003-008,False,,,,,,14:54,True,,001,,000001,,N,,,00000000008000000000000000000000000000000000000000000000000000080,000006,,,,,000020,,,80,
False,2026-03-13,False,False,00001904,004-008,False,,,,,,14:54,True,,001,,000001,,N,,,00000000000000980000000000000000000000000000000000000000000000098,000006,,,,,000020,,,98,
False,2026-03-13,False,False,00001905,005-008,False,,,,,,14:54,True,,001,,000001,,N,,,00000000000000000108000000000000000000000000000000000000000000108,000006,,,,,000020,,,108,
False,2026-03-13,False,False,00001906,006-008,False,,,,,,14:54,True,,001,,000001,,N,,,00000000000000000000007200000000000000000000000000000000000000072,000006,,,,,000020,,,72,
False,2026-03-13,False,False,00001907,007-008,False,,,,,,14:54,True,,001,,000001,,N,,,00000000000000000000000000450000000000000000000000000000000000045,000006,,,,,000020,,,45,
False,2026-03-13,False,False,00001908,008-008,False,,,,,,14:54,True,,001,,000001,,N,,,00000000000000000000000000000012000000000000000000000000000000012,000006,,,,,000020,,,12,
False,2026-03-13,False,False,00002001,001-001,False,,,,,,14:55,True,,001,,000001,,S,,,00000009001600260032001800130003000000000000000000000000000000117,000010,,,,,000021,,,117,
False,2026-03-13,False,False,00002101,001-010,False,,,,,,14:55,True,,001,,000001,,N,,,00060000000000000000000000000000000000000000000000000000000000006,000011,,,,,000022,,,6,
False,2026-03-13,False,False,00002102,002-010,False,,,,,,14:55,True,,001,,000001,,N,,,00000062000000000000000000000000000000000000000000000000000000062,000011,,,,,000022,,,62,
False,2026-03-13,False,False,00002103,003-010,False,,,,,,14:55,True,,001,,000001,,N,,,00000000012000000000000000000000000000000000000000000000000000120,000011,,,,,000022,,,120,
False,2026-03-13,False,False,00002104,004-010,False,,,,,,14:55,True,,001,,000001,,N,,,00000000000001200000000000000000000000000000000000000000000000120,000011,,,,,000022,,,120,
False,2026-03-13,False,False,00002105,005-010,False,,,,,,14:55,True,,001,,000001,,N,,,00000000000000370000000000000000000000000000000000000000000000037,000011,,,,,000022,,,37,
False,2026-03-13,False,False,00002106,006-010,False,,,,,,14:55,True,,001,,000001,,N,,,00000000000000000120000000000000000000000000000000000000000000120,000011,,,,,000022,,,120,
False,2026-03-13,False,False,00002107,007-010,False,,,,,,14:55,True,,001,,000001,,N,,,00000000000000000021000000000000000000000000000000000000000000021,000011,,,,,000022,,,21,
False,2026-03-17,False,False,00002809,009-013,False,,,,,,09:00,True,,001,,000001,,N,,,00000000000000000000000000000000000000000020000000000000000000020,000019,,,,,000027,,,20,
False,2026-03-17,False,False,00002810,010-013,False,,,,,,09:00,True,,001,,000001,,N,,,00000000000000000000000000000000000000000000002000000000000000020,000019,,,,,000027,,,20,
False,2026-03-17,False,False,00002811,011-013,False,,,,,,09:00,True,,001,,000001,,N,,,00000000000000000000000000000000000000000000000000100000000000010,000019,,,,,000027,,,10,
False,2026-03-17,False,False,00002812,012-013,False,,,,,,09:00,True,,001,,000001,,N,,,00000000000000000000000000000000000000000000000000000010000000010,000019,,,,,000027,,,10,
False,2026-03-17,False,False,00002813,013-013,False,,,,,,09:00,True,,001,,000001,,N,,,00000000000000000000000000000000000000000000000000000000001000010,000019,,,,,000027,,,10,
False,2026-03-17,False,False,00002901,001-001,False,,,,,,09:01,True,,001,,000001,,S,,,00000000000000000001000200070010000900110000000000000000000000040,000020,,,,,000028,,,40,
False,2026-03-17,False,False,00003001,001-001,False,,,,,,09:01,True,,001,,000001,,S,,,00000000000000100010001000100010001000000000000000000000000000060,000032,,,,,000029,,,60,
False,2026-03-17,False,False,00003101,001-001,False,,,,,,09:02,True,,001,,000001,,S,,,00250025001000000000000000000000000000000000000000000000000000060,000031,,,,,000030,,,60,
False,2026-03-18,False,False,00000001,001-001,False,,,,,,16:30,True,,001,,000001,,S,,,00000000000200020002000000010000000000000000000000000000000000007,00005A,,,,,000048,,,7,
False,2026-03-18,False,False,00000201,001-001,False,,,,,,16:30,True,,001,,000001,,S,,,00000003000500050005000500020002000000000000000000000000000000027,00007A,,,,,000048,,,27,
False,2026-03-13,False,False,00000606,006-014,False,,,,,,11:15,True,,001,,000001,,N,,,00000000000000000000000000000120000000000000000000000000000000120,000001,,,,,000007,,,120,
False,2026-03-13,False,False,00000607,007-014,False,,,,,,11:15,True,,001,,000001,,N,,,00000000000000000000000000000047000000000000000000000000000000047,000001,,,,,000007,,,47,
False,2026-03-13,False,False,00000608,008-014,False,,,,,,11:15,True,,001,,000001,,N,,,00000000000000000000000000000000012000000000000000000000000000120,000001,,,,,000007,,,120,
False,2026-03-13,False,False,00000609,009-014,False,,,,,,11:15,True,,001,,000001,,N,,,00000000000000000000000000000000012000000000000000000000000000120,000001,,,,,000007,,,120,
False,2026-03-13,False,False,00000610,010-014,False,,,,,,11:15,True,,001,,000001,,N,,,00000000000000000000000000000000007200000000000000000000000000072,000001,,,,,000007,,,72,
False,2026-03-13,False,False,00000611,011-014,False,,,,,,11:15,True,,001,,000001,,N,,,00000000000000000000000000000000000001200000000000000000000000120,000001,,,,,000007,,,120,
False,2026-03-13,False,False,00000612,012-014,False,,,,,,11:15,True,,001,,000001,,N,,,00000000000000000000000000000000000000850000000000000000000000085,000001,,,,,000007,,,85,
False,2026-03-13,False,False,00000613,013-014,False,,,,,,11:15,True,,001,,000001,,N,,,00000000000000000000000000000000000000000075000000000000000000075,000001,,,,,000007,,,75,
False,2026-03-13,False,False,00000614,014-014,False,,,,,,11:15,True,,001,,000001,,N,,,00000000000000000000000000000000000000000000002300000000000000023,000001,,,,,000007,,,23,
False,2026-03-13,False,False,00000701,001-001,False,,,,,,11:15,True,,001,,000001,,S,,,00000007001800260024001500060000000000000000000000000000000000096,000002,,,,,000008,,,96,
False,2026-03-13,False,False,00000801,001-001,False,,,,,,11:16,True,,002,,000001,,S,,,00000001000200030003000200010000000000000000000000000000000000012,000002,,,,,000009,,,12,
False,2026-03-13,False,False,00000901,001-001,False,,,,,,11:16,True,,003,,000001,,S,,,00000004000700100011000700030000000000000000000000000000000000042,000002,,,,,000010,,,42,
False,2026-03-13,False,False,00001001,001-001,False,,,,,,11:16,True,,004,,000001,,S,,,00000001000200020002000100010000000000000000000000000000000000009,000002,,,,,000011,,,9,
False,2026-03-13,False,False,00001101,001-001,False,,,,,,11:16,True,,005,,000001,,S,,,00000001000300050005000300010000000000000000000000000000000000018,000002,,,,,000012,,,18,
False,2026-03-13,False,False,00001201,001-006,False,,,,,,11:16,True,,006,,000001,,N,,,00000017000000000000000000000000000000000000000000000000000000017,000002,,,,,000013,,,17,
False,2026-03-13,False,False,00001202,002-006,False,,,,,,11:16,True,,006,,000001,,N,,,00000000003600000000000000000000000000000000000000000000000000036,000002,,,,,000013,,,36,
False,2026-03-13,False,False,00001203,003-006,False,,,,,,11:16,True,,006,,000001,,N,,,00000000000000540000000000000000000000000000000000000000000000054,000002,,,,,000013,,,54,
False,2026-03-18,False,False,00005101,001-001,False,,,,,,10:29,True,,001,,000001,,S,,,00000000000200020002000000010000000000000000000000000000000000007,00005A,,,,,000048,,,7,
False,2026-03-18,False,False,00005201,001-001,False,,,,,,10:29,True,,001,,000001,,S,,,00000003000500050005000500020002000000000000000000000000000000027,00006A,,,,,000048,,,27,
False,2026-03-18,False,False,00005301,001-001,False,,,,,,10:29,True,,001,,000001,,S,,,00000003000500050005000500020002000000000000000000000000000000027,00007A,,,,,000048,,,27,
False,2026-03-17,False,False,00003201,001-001,False,,,,,,09:02,True,,001,,000001,,S,,,00000000000000100010001000100010001000000000000000000000000000060,000030,,,,,000031,,,60,
False,2026-03-18,False,False,00000101,001-001,False,,,,,,16:30,True,,001,,000001,,S,,,00000003000500050005000500020002000000000000000000000000000000027,00006A,,,,,000048,,,27,
False,2026-03-17,False,False,00002601,001-007,False,,,,,,09:00,True,,002,,000001,,N,,,00000004000000000000000000000000000000000000000000000000000000004,000014,,,,,000026,,,4,
False,2026-03-17,False,False,00002602,002-007,False,,,,,,09:00,True,,002,,000001,,N,,,00000000001400000000000000000000000000000000000000000000000000014,000014,,,,,000026,,,14,
False,2026-03-17,False,False,00002603,003-007,False,,,,,,09:00,True,,002,,000001,,N,,,00000000000000330000000000000000000000000000000000000000000000033,000014,,,,,000026,,,33,
False,2026-03-17,False,False,00002604,004-007,False,,,,,,09:00,True,,002,,000001,,N,,,00000000000000000028000000000000000000000000000000000000000000028,000014,,,,,000026,,,28,
False,2026-03-17,False,False,00002605,005-007,False,,,,,,09:00,True,,002,,000001,,N,,,00000000000000000000004000000000000000000000000000000000000000040,000014,,,,,000026,,,40,
False,2026-03-17,False,False,00003301,001-001,False,,,,,,09:02,True,,001,,000001,,S,,,00250025001000000000000000000000000000000000000000000000000000060,000029,,,,,000032,,,60,
False,2026-03-17,False,False,00003401,001-001,False,,,,,,09:02,True,,001,,000001,,S,,,00000000000000000000000000250000000000000020000000000000000000045,000028,,,,,000033,,,45,
False,2026-03-17,False,False,00003501,001-001,False,,,,,,09:03,True,,001,,000001,,S,,,00100010001000000000000000000000000000250000000000000000000000055,000022,,,,,000034,,,55,
False,2026-03-17,False,False,00003601,001-001,False,,,,,,09:03,True,,001,,000001,,S,,,00000000000000000000000000000025002500000000000000000000000000050,000021,,,,,000035,,,50,
False,2026-03-17,False,False,00003701,001-001,False,,,,,,09:03,True,,001,,000001,,S,,,00000000000000200020002000000000000000000000000000000000000000060,000023,,,,,000036,,,60,
False,2026-03-17,False,False,00003801,001-001,False,,,,,,09:03,True,,001,,000001,,S,,,00000000000000000000000000250000000000000020000000000000000000045,000024,,,,,000037,,,45,
False,2026-03-17,False,False,00003901,001-001,False,,,,,,09:04,True,,001,,000001,,S,,,00000000000000000000000000000025002500000000000000000000000000050,000025,,,,,000038,,,50,
False,2026-03-17,False,False,00004901,001-001,False,,,,,,09:31,True,,001,,000001,,S,,,00000000000200020002000200000000000000000000000000000000000000008,00003A,,,,,000046,,,8,
False,2026-03-17,False,False,00005001,001-001,False,,,,,,13:09,True,,001,,000001,,S,,,00000000000600000000000000000000000000000000000000000000000000006,00004A,,,,,000047,,,6,
False,2026-03-17,False,False,00004001,001-001,False,,,,,,09:04,True,,001,,000001,,S,,,00100010001000000000000000000000000000250000000000000000000000055,000026,,,,,000039,,,55,
False,2026-03-17,False,False,00004101,001-001,False,,,,,,09:04,True,,001,,000001,,S,,,00000000000000200020002000000000000000000000000000000000000000060,000027,,,,,000040,,,60,
False,2026-03-17,False,False,00004201,001-001,False,,,,,,09:04,True,,001,,000001,,S,,,00000006000600120012001200120000000000000000000000000000000000060,000017,,,,,000041,,,60,
False,2026-03-17,False,False,00004301,001-001,False,,,,,,09:04,True,,002,,000001,,S,,,00000003000300060006000600060003000000000000000000000000000000033,000017,,,,,000041,,,33,
False,2026-03-17,False,False,00004401,001-008,False,,,,,,09:04,True,,001,,000001,,N,,,00020000000000000000000000000000000000000000000000000000000000002,000015,,,,,000042,,,2,
False,2026-03-17,False,False,00004402,002-008,False,,,,,,09:04,True,,001,,000001,,N,,,00000014000000000000000000000000000000000000000000000000000000014,000015,,,,,000042,,,14,
False,2026-03-17,False,False,00004403,003-008,False,,,,,,09:04,True,,001,,000001,,N,,,00000000002300000000000000000000000000000000000000000000000000023,000015,,,,,000042,,,23,
False,2026-03-17,False,False,00004404,004-008,False,,,,,,09:04,True,,001,,000001,,N,,,00000000000000340000000000000000000000000000000000000000000000034,000015,,,,,000042,,,34,
False,2026-03-17,False,False,00004405,005-008,False,,,,,,09:04,True,,001,,000001,,N,,,00000000000000000039000000000000000000000000000000000000000000039,000015,,,,,000042,,,39,
False,2026-03-17,False,False,00004406,006-008,False,,,,,,09:04,True,,001,,000001,,N,,,00000000000000000000002900000000000000000000000000000000000000029,000015,,,,,000042,,,29,
False,2026-03-17,False,False,00004407,007-008,False,,,,,,09:04,True,,001,,000001,,N,,,00000000000000000000000000190000000000000000000000000000000000019,000015,,,,,000042,,,19,
False,2026-03-17,False,False,00004408,008-008,False,,,,,,09:04,True,,001,,000001,,N,,,00000000000000000000000000000006000000000000000000000000000000006,000015,,,,,000042,,,6,
False,2026-03-17,False,False,00004501,001-006,False,,,,,,09:05,True,,001,,000001,,N,,,00000050000000000000000000000000000000000000000000000000000000050,000016,,,,,000043,,,50,
False,2026-03-17,False,False,00004502,002-006,False,,,,,,09:05,True,,001,,000001,,N,,,00000000005900000000000000000000000000000000000000000000000000059,000016,,,,,000043,,,59,
False,2026-03-17,False,False,00004503,003-006,False,,,,,,09:05,True,,001,,000001,,N,,,00000000000001090000000000000000000000000000000000000000000000109,000016,,,,,000043,,,109,
False,2026-03-17,False,False,00004504,004-006,False,,,,,,09:05,True,,001,,000001,,N,,,00000000000000000109000000000000000000000000000000000000000000109,000016,,,,,000043,,,109,
False,2026-03-17,False,False,00004505,005-006,False,,,,,,09:05,True,,001,,000001,,N,,,00000000000000000000005900000000000000000000000000000000000000059,000016,,,,,000043,,,59,
False,2026-03-17,False,False,00004506,006-006,False,,,,,,09:05,True,,001,,000001,,N,,,00000000000000000000000000500000000000000000000000000000000000050,000016,,,,,000043,,,50,
False,2026-03-17,False,False,00004601,001-001,False,,,,,,09:05,True,,001,,000001,,S,,,00000000000200080012000800040002000000000000000000000000000000036,000018,,,,,000044,,,36,
False,2026-03-17,False,False,00004701,001-001,False,,,,,,09:31,True,,001,,000001,,S,,,00000010000000000000000000000000000000000000000000000000000000010,00001A,,,,,000045,,,10,
False,2026-03-17,False,False,00004801,001-001,False,,,,,,09:31,True,,001,,000001,,S,,,00000000000200020002000400000000000000000000000000000000000000010,00002A,,,,,000046,,,10,
False,2026-03-13,False,False,00002205,005-006,False,,,,,,14:55,True,,001,,000001,,N,,,00000000000000000000000000000000000000000030000000000000000000030,000012,,,,,000023,,,30,
False,2026-03-13,False,False,00002206,006-006,False,,,,,,14:55,True,,001,,000001,,N,,,00000000000000000000000000000000000000000000001500000000000000015,000012,,,,,000023,,,15,
False,2026-03-13,False,False,00002301,001-001,False,,,,,,14:55,True,,002,,000001,,S,,,00000000000000000000001500150000001500150015001500000000000000090,000012,,,,,000024,,,90,
False,2026-03-17,False,False,00002401,001-001,False,,True,,,,11:19,True,,001,,000001,,S,,,00000000000000000000002000200000001000100020001000000000000000090,000013,,,,,000025,,,90,
